"blog_slug","city_slug","blog_wordcount","city_page","primary_keyword","recommendation"
"car-accident-laws-in-detroit-michigan-what-you-need-to-know","detroit","907","/car-accident-help-detroit","car accident help detroit mi","differentiate_angle"
"car-accident-miami-fl-insurance-pitfalls","miami","165","/car-accident-help-miami","car accident help miami fl","301_redirect_to_city"
"costly-mistakes-after-crash-arlington-va","arlington","234","/car-accident-help-arlington","car accident help arlington tx","301_redirect_to_city"
"costly-mistakes-after-crash-columbus-ga","columbus","234","/car-accident-help-columbus","car accident help columbus oh","301_redirect_to_city"
"costly-mistakes-after-crash-fresno-ca","fresno","226","/car-accident-help-fresno","car accident help fresno ca","301_redirect_to_city"
"costly-mistakes-after-crash-minneapolis-mn","minneapolis","226","/car-accident-help-minneapolis","car accident help minneapolis mn","301_redirect_to_city"
"costly-mistakes-after-crash-oakland-ca","oakland","226","/car-accident-help-oakland","car accident help oakland ca","301_redirect_to_city"
"costly-mistakes-after-crash-omaha-ne","omaha","226","/car-accident-help-omaha","car accident help omaha ne","301_redirect_to_city"
"costly-mistakes-after-crash-sacramento-ca","sacramento","226","/car-accident-help-sacramento","car accident help sacramento ca","301_redirect_to_city"
"costly-mistakes-after-crash-tucson-az","tucson","226","/car-accident-help-tucson","car accident help tucson az","301_redirect_to_city"
"fort-worth-texas-car-accident-laws-what-you-need-to-know","fort-worth","936","/car-accident-help-fort-worth","car accident help fort worth tx","differentiate_angle"
"immediate-steps-to-take-after-a-car-accident-in-albuquerque-new-mexico","albuquerque","1034","/car-accident-help-albuquerque","car accident help albuquerque nm","differentiate_angle"
"immediate-steps-to-take-after-a-car-accident-in-austin-texas","austin","1029","/car-accident-help-austin","car accident help austin tx","differentiate_angle"
"immediate-steps-to-take-after-a-car-accident-in-boston-massachusetts","boston","1016","/car-accident-help-boston","car accident help boston ma","differentiate_angle"
"immediate-steps-to-take-after-a-car-accident-in-charlotte-north-carolina","charlotte","879","/car-accident-help-charlotte","car accident help charlotte nc","differentiate_angle"
"immediate-steps-to-take-after-a-car-accident-in-chicago-illinois","chicago","1016","/car-accident-help-chicago","car accident help chicago il","differentiate_angle"
"immediate-steps-to-take-after-a-car-accident-in-denver-colorado","denver","1018","/car-accident-help-denver","car accident help denver co","differentiate_angle"
"immediate-steps-to-take-after-a-car-accident-in-las-vegas-nevada","las-vegas","906","/car-accident-help-las-vegas","car accident help las vegas nv","differentiate_angle"
"immediate-steps-to-take-after-a-car-accident-in-miami-florida","miami","1017","/car-accident-help-miami","car accident help miami fl","differentiate_angle"
"immediate-steps-to-take-after-a-car-accident-in-raleigh-north-carolina","raleigh","879","/car-accident-help-raleigh","car accident help raleigh nc","differentiate_angle"
"immediate-steps-to-take-after-a-car-accident-in-san-antonio-texas","san-antonio","905","/car-accident-help-san-antonio","car accident help san antonio tx","differentiate_angle"
"injuries-and-medical-care-after-a-car-accident-in-kansas-city-missouri-1780076206006","kansas-city","1060","/car-accident-help-kansas-city","car accident help kansas city mo","differentiate_angle"
"injuries-and-medical-care-after-a-car-accident-in-kansas-city-missouri","kansas-city","900","/car-accident-help-kansas-city","car accident help kansas city mo","differentiate_angle"
"injuries-and-medical-care-after-a-car-accident-in-tulsa-oklahoma","tulsa","872","/car-accident-help-tulsa","car accident help tulsa ok","differentiate_angle"
"injuries-and-medical-care-after-car-accidents-in-san-francisco-california","san-francisco","1056","/car-accident-help-san-francisco","car accident help san francisco ca","differentiate_angle"
"injuries-and-medical-care-after-car-accidents-in-tampa-florida","tampa","863","/car-accident-help-tampa","car accident help tampa fl","differentiate_angle"
"injuries-and-medical-care-after-car-accidents-in-tulsa-oklahoma","tulsa","1018","/car-accident-help-tulsa","car accident help tulsa ok","differentiate_angle"
"injuries-and-medical-considerations-after-a-car-accident-in-virginia-beach-virginia","virginia-beach","905","/car-accident-help-virginia-beach","car accident help virginia beach va","differentiate_angle"
"injuries-and-medical-considerations-after-car-accidents-in-jacksonville-florida","jacksonville","1019","/car-accident-help-jacksonville","car accident help jacksonville fl","differentiate_angle"
"injuries-from-car-accidents-in-atlanta-georgia","atlanta","1016","/car-accident-help-atlanta","car accident help atlanta ga","differentiate_angle"
"memphis-tennessee-car-accident-injuries-understanding-the-medical-landscape","memphis","1017","/car-accident-help-memphis","car accident help memphis tn","differentiate_angle"
"nashville-tennessee-understanding-car-accident-injuries-and-medical-care","nashville","1015","/car-accident-help-nashville","car accident help nashville tn","differentiate_angle"
"san-jose-california-car-accident-laws-a-comprehensive-guide","san-jose","938","/car-accident-help-san-jose","car accident help san jose ca","differentiate_angle"
"statute-of-limitations-arlington-va","arlington","336","/car-accident-help-arlington","car accident help arlington tx","301_redirect_to_city"
"statute-of-limitations-columbus-ga","columbus","336","/car-accident-help-columbus","car accident help columbus oh","301_redirect_to_city"
"statute-of-limitations-fresno-ca","fresno","335","/car-accident-help-fresno","car accident help fresno ca","301_redirect_to_city"
"statute-of-limitations-minneapolis-mn","minneapolis","335","/car-accident-help-minneapolis","car accident help minneapolis mn","301_redirect_to_city"
"statute-of-limitations-oakland-ca","oakland","335","/car-accident-help-oakland","car accident help oakland ca","301_redirect_to_city"
"statute-of-limitations-omaha-ne","omaha","335","/car-accident-help-omaha","car accident help omaha ne","301_redirect_to_city"
"statute-of-limitations-sacramento-ca","sacramento","335","/car-accident-help-sacramento","car accident help sacramento ca","301_redirect_to_city"
"statute-of-limitations-tucson-az","tucson","335","/car-accident-help-tucson","car accident help tucson az","301_redirect_to_city"
"understanding-car-accident-laws-in-austin-texas-what-you-need-to-know","austin","873","/car-accident-help-austin","car accident help austin tx","differentiate_angle"
"understanding-car-accident-laws-in-colorado-springs-colorado-1779902512919","colorado-springs","930","/car-accident-help-colorado-springs","car accident help colorado springs co","differentiate_angle"
"understanding-car-accident-laws-in-colorado-springs-colorado","colorado-springs","811","/car-accident-help-colorado-springs","car accident help colorado springs co","differentiate_angle"
"understanding-car-accident-laws-in-columbus-ohio","columbus","875","/car-accident-help-columbus","car accident help columbus oh","differentiate_angle"
"understanding-car-accident-laws-in-long-beach-california","long-beach","932","/car-accident-help-long-beach","car accident help long beach ca","differentiate_angle"
"understanding-car-accident-laws-in-los-angeles-california","los-angeles","802","/car-accident-help-los-angeles","car accident help los angeles ca","differentiate_angle"
"understanding-car-accident-laws-in-mesa-arizona","mesa","903","/car-accident-help-mesa","car accident help mesa az","differentiate_angle"
"understanding-car-accident-laws-in-washington-dc","washington","932","/car-accident-help-washington","car accident help washington dc","differentiate_angle"
"what-to-do-after-a-car-accident-arlington-va","arlington","457","/car-accident-help-arlington","car accident help arlington tx","301_redirect_to_city"
"what-to-do-after-a-car-accident-columbus-ga","columbus","457","/car-accident-help-columbus","car accident help columbus oh","301_redirect_to_city"
"what-to-do-after-a-car-accident-fresno-ca","fresno","445","/car-accident-help-fresno","car accident help fresno ca","301_redirect_to_city"
"what-to-do-after-a-car-accident-in-albuquerque-nm","albuquerque","866","/car-accident-help-albuquerque","car accident help albuquerque nm","differentiate_angle"
"what-to-do-after-a-car-accident-in-detroit-mi","detroit","830","/car-accident-help-detroit","car accident help detroit mi","differentiate_angle"
"what-to-do-after-a-car-accident-in-el-paso-tx","el-paso","904","/car-accident-help-el-paso","car accident help el paso tx","differentiate_angle"
"what-to-do-after-a-car-accident-in-fort-worth-tx","fort-worth","891","/car-accident-help-fort-worth","car accident help fort worth tx","differentiate_angle"
"what-to-do-after-a-car-accident-in-long-beach-ca","long-beach","808","/car-accident-help-long-beach","car accident help long beach ca","differentiate_angle"
"what-to-do-after-a-car-accident-in-louisville-ky","louisville","854","/car-accident-help-louisville","car accident help louisville ky","differentiate_angle"
"what-to-do-after-a-car-accident-in-milwaukee-wi","milwaukee","867","/car-accident-help-milwaukee","car accident help milwaukee wi","differentiate_angle"
"what-to-do-after-a-car-accident-in-new-orleans-la","new-orleans","893","/car-accident-help-new-orleans","car accident help new orleans la","differentiate_angle"
"what-to-do-after-a-car-accident-in-philadelphia-pa","philadelphia","854","/car-accident-help-philadelphia","car accident help philadelphia pa","differentiate_angle"
"what-to-do-after-a-car-accident-in-san-diego-ca","san-diego","820","/car-accident-help-san-diego","car accident help san diego ca","differentiate_angle"
"what-to-do-after-a-car-accident-minneapolis-mn","minneapolis","446","/car-accident-help-minneapolis","car accident help minneapolis mn","301_redirect_to_city"
"what-to-do-after-a-car-accident-oakland-ca","oakland","444","/car-accident-help-oakland","car accident help oakland ca","301_redirect_to_city"
"what-to-do-after-a-car-accident-omaha-ne","omaha","445","/car-accident-help-omaha","car accident help omaha ne","301_redirect_to_city"
"what-to-do-after-a-car-accident-sacramento-ca","sacramento","445","/car-accident-help-sacramento","car accident help sacramento ca","301_redirect_to_city"
"what-to-do-after-a-car-accident-tucson-az","tucson","444","/car-accident-help-tucson","car accident help tucson az","301_redirect_to_city"
"what-to-do-after-car-accident-houston-tx","houston","263","/car-accident-help-houston","car accident help houston tx","301_redirect_to_city"
"what-to-do-immediately-after-a-car-accident-in-san-diego-california","san-diego","1061","/car-accident-help-san-diego","car accident help san diego ca","differentiate_angle"